1100,Paxan,04d6990b425203f7078f136795ee018bfec1adc2df07dac3ccc37439bc0a8868,Pavel,Dranov,Pervomayskaya30k7,224423
1101,DimaZ,b95f45d71b76d0b8f230a44a77690ddcf164dd84fc8346abfba66bef30e2e69e,Dima,Matveev,Pervomayskaya30k7,224424
1102,p,148de9c5a7a44d19e56cd9ae1a554bf67847afb0c58f6e12fa29ac7ddfca9940,p,p,p,1234554321
1103,lion,a665a45920422f9d417e4867efdc4fb8a04a1f3fff1fa07e998e86f7f7a27ae3,Lev,Nerst,Kursk,1234432112
1104,olegzaza,a665a45920422f9d417e4867efdc4fb8a04a1f3fff1fa07e998e86f7f7a27ae3,oleg,zaza,dacha,1234567890
1105,sergeybyb,f02c96357481972443a2eb6d2861c803fa7790fb7d0225b2f54b6beba964f4ad,sergey,bykov,dubrovka,1234567899
1106,obyk,a665a45920422f9d417e4867efdc4fb8a04a1f3fff1fa07e998e86f7f7a27ae3,olga,bykova,dubrovka,0987654321
1107,ks,6b86b273ff34fce19d6b804eff5a3f5747ada4eaa22f1d49c01e52ddb7875b4b,ksenia,bykova,sirius,2281448228
1108,f,252f10c83610ebca1a059c0bae8255eba2f95be4d1d7bcfa89d7248a82d9f111,f,f,f,-
1109,a,ca978112ca1bbdcafac231b39a23dc4da786eff8147c4e72b9807785afee48bb,a,a,a,-
